-- MYSQL
INSERT INTO USER (ID, USERNAME, PASSWORD, FIRSTNAME, LASTNAME, EMAIL, ENABLED, LASTPASSWORDRESETDATE) VALUES (1, 'admin', '$2a$08$lDnHPz7eUkSi6ao14Twuau08mzhWrL4kyZGGU5xfiGALO/Vxd5DOi', 'admin', 'admin', 'admin@admin.com', 1, STR_TO_DATE('01-01-2016', '%d-%m-%Y'));
INSERT INTO USER (ID, USERNAME, PASSWORD, FIRSTNAME, LASTNAME, EMAIL, ENABLED, LASTPASSWORDRESETDATE) VALUES (2, 'sanitario', '$2a$08$UkVvwpULis18S19S5pZFn.YHPZt3oaqHZnDwqbCW9pft6uFtkXKDC', 'sanitario', 'sanitario', 'sanitario@user.com', 1, STR_TO_DATE('01-01-2016','%d-%m-%Y'));
INSERT INTO USER (ID, USERNAME, PASSWORD, FIRSTNAME, LASTNAME, EMAIL, ENABLED, LASTPASSWORDRESETDATE) VALUES (3, 'paciente', '$2a$08$UkVvwpULis18S19S5pZFn.YHPZt3oaqHZnDwqbCW9pft6uFtkXKDC', 'paciente', 'paciente', 'paciente@user.com', 1, STR_TO_DATE('01-01-2016','%d-%m-%Y'));
INSERT INTO USER (ID, USERNAME, PASSWORD, FIRSTNAME, LASTNAME, EMAIL, ENABLED, LASTPASSWORDRESETDATE) VALUES (4, 'disabled', '$2a$08$UkVvwpULis18S19S5pZFn.YHPZt3oaqHZnDwqbCW9pft6uFtkXKDC', 'disabled', 'disabled', 'disabled@user.com', 0, STR_TO_DATE('01-01-2016','%d-%m-%Y'));


INSERT INTO AUTHORITY (ID, NAME) VALUES (1, 'ROLE_ADMIN');
INSERT INTO AUTHORITY (ID, NAME) VALUES (2, 'ROLE_SANITARIO');
INSERT INTO AUTHORITY (ID, NAME) VALUES (3, 'ROLE_PACIENTE');

INSERT INTO USER_AUTHORITY (USER_ID, AUTHORITY_ID) VALUES (1, 1);
INSERT INTO USER_AUTHORITY (USER_ID, AUTHORITY_ID) VALUES (1, 2);
INSERT INTO USER_AUTHORITY (USER_ID, AUTHORITY_ID) VALUES (2, 2);
INSERT INTO USER_AUTHORITY (USER_ID, AUTHORITY_ID) VALUES (3, 3);
INSERT INTO USER_AUTHORITY (USER_ID, AUTHORITY_ID) VALUES (4, 3);
